{"cameraMode":{"drawMode":0,"name":"Shaded","section":"Shading Mode"},"sceneLighting":true,"audioPlay":false,"sceneViewState":{"showFog":true,"showMaterialUpdate":false,"showSkybox":true,"showFlares":true,"showImageEffects":true,"showParticleSystems":true},"in2DMode":false,"pivot":{"x":0.6092565655708313,"y":-1.3672313690185547,"z":-1.4196462631225587},"rotation":{"x":0.010312436148524285,"y":0.9454640746116638,"z":-0.3241720497608185,"w":0.03007693588733673},"size":12.157169342041016,"orthographic":false}